1660	constants	35
553	instance	20
383	exception	15
1019	filter	23
75	request	69
958	response	24
685	servlet	66
260	type	39
1142	wrapper	12
529	context	56
1190	override	6
123	to	177
231	hash	55
230	equals	57
1191	async	35
30	has	53
552	dispatch	6
853	complete	7
10	start	110
44	add	211
1034	timeout	12
606	virtual	4
1192	extra	2
1193	allocate	8
1036	release	34
59	attributes	18
2	file	35
674	list	22
205	do	114
34	execute	37
1194	delta	3
1195	dirty	2
1196	diffable	3
1197	diff	4
124	class	42
126	apply	4
307	reset	50
432	lock	10
1198	unlock	10
122	owner	2
1039	access	22
1199	primary	4
469	id	18
868	max	49
137	new	37
986	principal	19
1007	auth	24
647	valid	15
177	end	41
1200	expire	13
1201	recycle	62
6	read	85
89	write	66
58	attribute	54
1025	exclude	3
71	remove	150
747	last	28
18	version	11
1367	ast	33
1202	variable	18
1203	var	2
1204	declare	8
590	scope	6
587	user	30
659	groups	7
1205	roles	19
1206	direct	6
347	error	42
1146	warn	2
1147	info	97
786	debug	4
1145	fatal	6
439	trace	2
900	log	50
1207	media	2
1208	subtype	1
1209	charset	11
17	parameter	17
209	parse	51
716	membership	8
438	properties	5
324	stop	86
1210	member	21
1211	members	13
555	local	38
65	find	75
1212	payload	5
1213	domain	29
1214	broadcast	3
51	s	41
1215	implementation	3
884	server	33
1216	reference	8
360	base	16
40	property	30
442	description	19
943	display	20
19	init	114
1217	small	7
1080	large	7
1045	url	20
1218	dispatcher	8
1219	catalina	7
435	factory	15
138	default	28
28	create	114
1220	jasper	4
196	invoke	50
217	coerce	9
187	bean	8
346	check	58
848	dir	4
171	connect	12
397	content	40
979	header	31
1044	date	19
189	input	28
854	permission	2
7	e	25
814	stack	5
216	copy	44
1221	lifecycle	29
181	event	27
536	session	63
1222	container	31
1223	catch	1
626	replication	5
1224	transport	4
272	send	58
1225	heartbeat	16
1094	http	28
1226	ids	2
892	channel	13
1227	interceptors	2
1228	manager	16
1229	distributable	8
141	active	9
798	expired	5
1230	rejected	3
201	change	8
131	load	39
1231	unload	9
594	background	18
799	reload	7
1232	function	13
244	name	120
1047	jvm	6
340	number	3
569	message	55
494	accept	24
76	handle	27
1091	unwrap	5
997	search	7
262	resource	26
1233	injection	3
1234	naming	11
1139	authenticator	6
730	authenticate	22
992	login	15
1115	logout	9
1235	jsp	57
341	page	19
597	internal	14
1236	engine	6
1237	specification	3
24	run	65
33	put	18
160	item	4
9	open	29
348	field	7
1238	form	4
1239	constant	22
605	bytes	28
860	rule	4
931	digester	10
259	namespace	7
264	begin	20
1240	body	15
164	finish	10
249	status	15
1241	manifest	2
608	available	24
1242	required	5
1148	requires	1
1243	fulfilled	2
211	process	52
1023	code	5
676	dump	18
1244	ws	5
74	invalidate	7
363	character	16
784	protocol	25
1081	scheme	9
208	reader	8
954	remote	17
405	locale	20
1245	locales	6
917	secure	20
243	real	19
1246	cookies	11
1247	headers	18
769	int	16
188	method	35
237	path	26
1248	query	12
1249	requested	6
1250	parts	5
849	part	6
1251	nio	8
754	buffer	39
110	flush	35
103	close	80
1252	attachment	1
1253	buf	2
1254	poller	6
220	i	9
1255	closing	2
1256	handshake	7
1257	outbound	3
393	parent	28
1258	executor	13
26	application	20
1259	pluggability	1
1260	unavailable	4
1261	deallocate	2
726	increment	5
1262	multipart	10
142	enabled	7
1263	overridable	4
574	object	42
957	call	5
993	use	29
579	failed	2
1264	logger	15
1265	good	1
1266	config	18
1267	concurrent	4
930	digest	3
948	client	10
1268	cause	6
733	xml	13
985	app	10
585	auto	5
1269	deploy	8
1270	undeploy	7
465	next	45
566	byte	11
115	index	12
699	position	1
11	line	5
1271	introspection	2
570	u	21
1272	guess	3
45	replace	7
840	capitalize	1
838	un	2
973	files	1
107	clear	47
114	convert	20
1273	cluster	20
338	destroy	57
314	relative	4
1274	rewrite	1
1275	serve	1
1276	render	1
1277	readme	1
104	validate	21
1278	safe	2
1279	coyote	4
1280	processing	11
366	connector	8
684	host	16
1281	mapping	5
5	stream	9
1282	note	8
781	notify	7
1283	decoded	3
1284	comet	14
311	parameters	11
1285	unescape	2
1286	alpha	2
1287	strftime	1
596	format	11
1288	time	4
510	quote	4
1289	translate	1
321	c	4
106	print	18
967	setup	9
905	expand	8
758	command	4
845	working	1
926	environment	2
1290	nulls	1
1291	blanks	1
94	update	18
549	ready	9
858	service	23
418	m	25
1292	attributebinding	1
1293	jmx	9
955	bind	21
1294	interpreter	3
1295	locked	4
1296	dom	1
148	child	6
50	text	7
198	null	8
1093	resolve	27
1	string	23
956	rpc	5
1297	reply	4
226	left	2
1443	parser	6
514	push	14
1298	peek	7
37	mark	9
95	current	11
408	matches	2
345	skip	15
978	space	3
535	single	6
1299	delimiter	2
563	register	23
768	unregister	9
950	pop	12
1300	registration	1
1301	stdlib	1
1302	memread	1
1303	memwrite	1
1304	memset	1
1305	malloc	1
1306	realloc	1
1307	calloc	2
1308	free	2
1309	getpid	1
1310	getppid	1
1095	web	8
39	configure	12
13	public	7
463	ignore	6
1082	absolute	8
1311	soap	2
1312	taglib	7
1313	mapped	7
1042	dynamic	6
270	validation	2
1314	pool	7
1315	callback	6
1316	procattr	1
1317	io	2
1318	cmdtype	1
1319	detach	3
1320	addrspace	1
1321	errfn	1
413	group	8
1322	breakdown	2
3	finalize	6
1323	responses	1
221	b	6
474	progress	3
712	k	1
1324	internalid	1
1325	lb	1
425	worker	4
1326	apr	7
1327	defer	5
1328	sendfile	4
966	handler	9
1329	poll	7
1330	keep	14
1331	unbind	13
882	socket	14
1332	privileged	8
1333	expression	27
575	evaluate	8
214	make	13
1334	fast	3
1335	custom	3
847	fix	2
116	anti	3
1336	before	3
1166	global	11
1337	populate	3
1338	fragment	3
210	scan	8
1056	extract	5
1339	fragments	1
617	java	12
1340	superclass	2
1126	interface	3
1341	sci	1
1342	verbatim	1
241	node	10
765	q	2
459	non	5
1075	named	6
1343	dummy	2
1073	inner	3
318	root	11
4	encoding	16
1344	bom	1
1345	imports	2
1024	include	13
101	tag	31
509	comment	7
1346	scripting	7
1347	declaration	1
1348	scriptlet	1
1349	param	4
1350	params	2
1167	fall	2
593	forward	8
1351	plug	1
194	height	1
193	width	1
1352	uninterpreted	1
1353	scriptless	4
1354	prefix	7
1355	implements	1
609	num	1
1037	trim	10
1356	omit	2
1357	temporary	3
776	visit	15
945	attr	1
1358	template	1
1359	ltrim	1
1360	rtrim	1
420	all	8
1361	deferred	7
1362	expected	3
1363	literal	9
1364	nodes	2
391	size	23
1365	generated	1
1366	visitor	2
354	integer	2
154	creation	9
1015	names	6
1815	periodic	2
565	boolean	4
792	try	2
1368	javac	4
1369	smap	6
767	generate	18
179	install	5
1370	unqualify	1
1004	random	6
929	map	11
1371	clean	3
1372	serviced	3
1373	temp	3
1374	watch	2
1375	req	1
1376	rolename	2
1377	per	1
424	initial	10
1378	reuse	3
1379	notification	7
269	invalid	4
735	char	8
1380	identity	2
1381	war	2
1382	combined	2
1383	realms	1
904	password	25
582	adapter	4
1384	processor	2
867	min	11
1049	thread	11
1385	backlog	2
1186	tcp	7
1386	so	6
959	address	14
1096	port	21
170	connection	8
869	pre	7
870	post	9
1387	pause	4
112	resume	4
567	long	10
1388	offer	4
1026	disk	1
1389	repository	2
1390	injectable	1
988	security	16
805	included	4
306	match	10
757	count	8
496	state	11
1079	statistics	3
203	option	5
1391	opp	1
1392	precedence	1
718	not	2
715	and	4
719	or	2
427	compare	14
1078	equal	2
1393	greater	1
705	less	1
1394	order	2
744	inc	4
663	counter	2
1395	out	7
1058	msg	4
1396	findleaks	2
29	save	13
571	resources	9
1397	serverinfo	2
1398	sessions	3
1399	deployed	2
1400	upload	2
1401	after	2
1402	uncaught	1
1403	submitted	2
1404	reject	1
1405	ajp	7
521	len	1
96	append	15
1406	packet	2
804	hex	5
81	fire	16
589	started	3
936	runnable	1
265	delegate	4
1407	loader	6
1408	reloadable	5
1409	repositories	1
1410	classpath	1
434	modified	4
1038	permissions	3
382	build	4
670	utf	2
739	t	2
1411	collector	1
1412	collect	2
968	disable	9
1413	break	4
1414	ssl	15
32	action	13
743	prepare	8
128	output	29
1760	decoder	2
1415	conversions	1
25	abstract	14
1416	filters	3
1114	commit	6
1417	assemble	2
1418	annotation	5
573	lookup	10
820	normalize	9
1419	accessible	1
873	registry	9
1420	mime	14
640	limit	7
922	values	4
1421	unique	16
790	timestamp	11
851	home	6
1154	link	5
1422	runtime	3
995	standard	10
1423	received	1
554	no	9
619	serialize	3
618	deserialize	3
548	wait	5
326	invalidated	3
69	clone	21
1424	undeflow	1
528	h	2
215	wrap	6
1425	replicated	2
1426	facade	2
1427	unit	3
127	image	7
1428	jar	14
1429	pooled	3
1430	println	9
680	remaining	6
86	fill	11
415	reverse	2
1431	implicit	2
1432	feature	10
1102	common	3
1006	cookie	6
61	contains	16
357	key	13
1433	handlerclass	1
1434	localparts	1
1435	namespaceuri	1
1436	valves	4
190	transfer	3
1437	managers	2
1438	localizer	1
664	memory	12
1439	pathname	3
1440	principals	1
564	for	2
1441	supplied	1
1442	throwable	4
903	cancel	2
1444	wakeup	1
1445	events	3
1446	jjt	2
1122	util	3
1447	trust	4
1448	enableable	2
1449	bootstrap	2
546	await	6
1450	swallow	4
109	decode	9
251	document	3
1451	special	3
98	delete	13
1452	determine	2
1453	exclusive	1
1454	webdav	2
666	comparator	2
1455	rehandshake	1
97	empty	8
1456	el	3
1457	unquoted	1
746	entry	9
1458	notifications	1
1459	operations	1
1460	getter	1
1461	setter	2
1944	arithmetic	1
856	lexical	1
823	need	1
1462	chunked	2
837	escape	10
1463	failure	1
660	cache	15
1464	failures	1
1465	tld	11
361	duplicate	2
327	x	12
409	composite	2
1466	choice	1
1467	equality	1
1468	math	1
1469	multiplication	1
1470	unary	1
907	suffix	3
1471	dot	1
1472	bracket	1
1067	identifier	2
375	floating	2
787	jj	2
788	re	4
880	token	9
969	enable	3
1473	calls	1
173	target	2
1032	usage	3
1474	tokens	1
824	verify	3
105	select	3
206	validator	2
78	location	11
836	uri	2
1475	hook	1
1476	committed	5
1477	acknowledge	1
1478	mapper	4
1479	nth	1
512	slash	1
195	generic	2
1480	ascii	1
751	upper	1
513	lower	2
1481	white	5
1482	digit	1
1483	big	2
219	divide	1
229	subtract	1
1484	mod	1
218	multiply	1
233	double	2
742	writer	12
1165	initialise	1
1485	schema	5
1013	n	3
796	authentication	2
1486	deref	1
1487	ad	1
1488	referrals	1
1489	role	12
1490	alternate	1
559	directory	5
1491	distinguished	1
384	d	4
762	simple	3
1492	repeat	1
941	pad	1
760	choose	3
1493	certificate	3
1494	private	2
737	loaded	2
671	store	10
947	swap	1
1495	tomcat	4
839	hostname	3
1496	silent	1
1497	silence	1
1498	existing	1
1499	when	1
1500	landing	1
42	restore	4
1501	saved	3
166	external	3
1502	rewindable	1
896	report	4
835	array	4
199	listener	5
831	exists	2
1503	endpoint	2
407	selector	5
1504	acceptor	2
1505	oom	2
815	return	7
1506	stage	1
1507	rp	1
1508	uid	1
1509	gid	1
1510	usergid	1
1511	username	12
1512	groupname	3
1513	uidcompare	1
1514	gidcompare	1
1515	homepath	1
1516	annotations	1
1517	shareable	1
775	iterator	1
337	shutdown	6
1518	listen	5
1519	acceptx	1
1520	acceptfilter	1
1521	atmark	1
1522	sendb	1
1523	sendib	1
1524	sendbb	1
1525	sendibb	1
1526	sendv	1
1527	sendto	1
1179	recv	1
1528	recvt	1
1529	recvb	1
1530	recvbb	1
1531	recvbt	1
1532	recvbbt	1
1533	recvfrom	1
921	opt	1
1534	sendfilen	1
1535	setsbb	1
1536	setrbb	1
530	a	7
84	tab	1
161	column	2
906	backup	3
467	done	1
706	adjust	4
1537	threshold	3
1538	stuck	1
1539	monitored	1
1540	marked	1
1541	completed	2
1542	total	3
783	compress	2
1543	resend	1
846	canonical	4
1544	converter	2
1545	attach	2
1546	renegotiate	1
1547	comparable	2
568	short	1
1548	reliable	1
791	tags	1
1549	functions	1
1550	upgrade	11
797	expires	1
1551	amount	1
1552	calendard	1
1553	durations	1
1554	starting	1
1555	printf	1
1556	comma	3
1557	ints	1
1558	starts	5
1559	substring	1
297	excluded	1
1560	expiration	1
1561	eligible	1
48	options	6
1562	pooling	3
1563	development	3
1564	ie	3
1565	scratch	3
1566	compiler	7
1567	fork	4
1568	xpowered	4
721	gen	4
850	modification	3
1569	recompile	3
1570	caching	4
1571	tree	2
1010	gzip	2
475	source	13
862	rules	4
1572	validating	1
1573	fake	1
734	characters	3
1574	ignorable	1
1575	skipped	1
1576	notation	1
1577	unparsed	2
165	entity	2
1578	warning	3
335	initialize	10
1579	registrations	1
108	encode	14
63	tool	1
695	metadata	1
519	major	6
942	minor	6
1580	listeners	1
1581	servlets	6
1582	always	4
1583	welcome	2
1584	taglibs	4
1585	env	1
1586	ejb	2
703	merge	6
1587	decouple	1
1588	maintain	1
1589	ttl	3
1590	pollset	1
1157	credentials	2
1591	desired	1
1592	hits	1
1593	spare	2
235	insert	1
1594	os	1
1595	netos	1
1596	strerror	1
72	will	1
1597	jdbc	1
829	interval	2
885	static	2
284	length	8
736	capacity	1
1598	does	1
1136	package	8
396	first	4
406	discard	2
1599	optimized	2
755	offset	3
1600	substract	2
1601	valve	3
12	system	3
1602	dependants	2
197	proxy	7
1603	doc	7
1604	rebind	6
634	rename	8
1605	compose	4
1606	modify	4
1607	revalidate	1
1608	ref	4
1609	eval	2
935	daemon	3
899	running	1
1610	paused	4
604	algorithm	2
1611	keystore	3
1612	ciphers	2
1613	truststore	2
1614	crl	2
1615	allow	11
1616	symbol	1
1617	printin	1
1618	printil	1
1619	fin	1
1620	rsv	1
1621	op	1
489	control	2
488	mask	1
1622	pay	1
1623	blocking	1
1624	void	2
1625	modeler	3
172	disconnect	8
292	ancestor	1
710	cleanup	3
1626	alloc	2
1627	one	2
1628	discover	1
1629	arg	1
923	users	10
1041	managed	2
1630	permanent	1
1631	pong	2
1180	ping	2
1632	tribes	1
369	task	7
1633	force	4
315	my	1
1634	jre	1
1048	gc	1
1635	ldap	1
872	driver	4
1636	classes	1
1637	known	1
679	decompress	1
1638	synthetic	1
556	abort	2
1639	constructor	1
693	compression	2
1640	compressable	2
1641	restricted	2
1642	bio	3
1643	drain	2
1644	boundary	2
1645	parsed	1
200	raise	2
1646	actual	1
1647	permitted	1
1648	arguments	1
213	destination	3
1649	symlink	1
64	can	2
1650	myget	1
777	publish	5
1651	multipoint	1
1652	keepalive	5
1653	guarantee	1
1654	nr	1
1655	this	4
1656	cleaner	1
1159	w	1
1657	escaped	1
395	children	2
1658	replicate	1
1659	serializable	1
1661	ports	2
1662	https	2
1663	proxies	2
1664	trusted	2
1665	redirect	3
961	dec	2
1666	sender	5
1667	conditional	1
800	substitute	1
962	idle	1
1668	plugin	3
136	doctype	1
1029	language	1
1669	extends	1
79	basic	2
1670	quoted	3
1671	authority	1
1072	same	2
1672	collection	2
1673	case	1
1674	udp	5
423	resize	4
485	v	1
919	already	1
1675	collected	1
794	refresh	2
833	stringify	6
1676	accessed	2
580	cancelled	3
1677	duplicates	1
370	duration	1
245	enum	1
1678	terminate	2
322	f	2
1679	gss	1
1680	faulty	1
1681	arrayequals	1
1682	malformed	1
1683	illegal	1
239	closed	5
1684	extension	3
294	compatible	1
1685	newer	1
1188	support	2
1686	cipher	3
1687	peer	2
1688	args	3
1689	readable	1
1690	writeable	2
1691	limited	1
1692	flushable	1
1693	reenable	1
1694	remember	1
1112	deflate	1
1695	dispatching	1
1696	operation	3
1697	unless	2
632	test	2
278	project	2
52	view	2
645	alive	1
1698	coordinator	2
1699	halt	1
1700	highest	1
1701	coordination	1
1702	leader	1
1703	interceptor	4
1704	aliases	3
982	cached	1
1705	alias	1
1706	dumper	1
1707	qualified	1
398	sort	1
1708	multiport	1
612	proc	2
752	advance	1
1709	associate	3
1710	deregister	2
1711	singleton	1
728	signature	6
80	track	1
1712	reaper	1
400	tracker	1
273	ensure	3
1713	alphabet	2
1714	encoded	4
1715	arrays	1
1716	uniqud	1
667	from	5
543	table	1
1717	referer	1
909	pattern	2
741	supported	2
1718	mappings	2
1719	exact	3
493	extensions	1
1720	uriroot	1
811	compile	4
410	verbose	1
1721	fail	2
102	element	4
402	locate	1
1722	impact	1
1723	encoder	2
1945	globals	1
1724	fips	1
1725	rand	1
1726	readonly	2
1018	keys	4
1727	reauthenticate	2
1728	sec	1
1729	msec	1
1059	now	1
1730	rfc	1
1731	ctime	1
1732	sleep	1
1733	embedded	2
1734	tell	1
1735	passivate	1
155	activate	1
1736	descriptor	1
1737	deepclone	3
1738	decrement	1
1739	kept	1
1183	receive	5
748	meta	1
1740	transaction	2
1741	checked	1
448	minimum	1
1742	chars	2
1743	ends	1
1744	sub	1
1070	used	2
1745	inactive	1
1746	effective	7
1747	dont	2
526	import	2
1748	persistent	2
859	realm	10
1749	utility	1
1750	compact	1
1751	pow	1
1752	fillup	1
1753	extended	1
1754	ended	1
1755	remains	1
1756	concatenate	1
381	methods	1
802	unset	2
657	writable	2
1757	train	1
330	hit	1
1758	take	1
1759	forced	1
1761	defered	1
1762	displayname	1
1763	wsdlfile	1
1764	jaxrpcmappingfile	1
1765	serviceqname	1
1766	serviceendpoints	1
1767	portlink	1
1768	handlers	2
258	full	2
808	quiet	1
1769	deny	4
1770	allowed	3
1771	contained	1
1772	sso	1
1773	expr	1
146	split	1
1774	mangle	1
1775	jdk	1
1776	library	1
1889	jndi	2
1777	supplemental	1
668	high	1
669	low	1
1778	markup	1
1779	pubid	1
724	declared	1
1780	introspect	1
1781	introspecthelper	1
458	maybe	2
1782	localize	1
1783	spnego	1
1784	enclosing	2
1785	capture	1
1127	reflection	1
461	assignable	2
1786	coercible	1
1787	refill	1
1788	streamable	1
1789	eof	2
1790	parmeters	2
1791	trylock	2
1792	evaluation	1
1793	suspect	3
1794	failing	3
336	startup	2
1795	cors	1
1796	decorate	1
147	join	2
1797	origin	1
646	any	1
1798	exposed	1
562	supports	1
1799	preflight	1
1111	configured	4
934	indent	1
452	super	1
1800	enumerator	2
1801	suspended	2
1802	reporter	1
1803	encodeable	1
1804	rmi	1
1805	multicast	1
1806	leave	1
1807	hops	1
1808	loopback	1
1809	ointerface	1
1810	mmap	1
1811	dup	2
1812	resultproperty	1
1813	echo	1
1814	separatearrayresults	1
893	unquote	1
1816	mcast	1
1817	recovery	2
1818	frequency	1
1819	drop	1
1820	tccl	1
1821	otherwise	1
1822	crawler	1
1823	bound	4
1824	unbound	2
1825	strip	2
445	fixed	1
731	binary	2
1826	distributed	1
1827	errors	1
1828	warnings	1
1829	proprietary	1
750	rewind	1
1830	webapp	3
1831	pipeline	4
1832	cross	3
1833	alt	3
1834	preemptive	3
1835	fragmentation	1
1836	frag	1
1837	defrag	1
1838	readt	1
1839	work	3
468	pretty	1
1097	threads	1
1946	internet	1
697	sync	3
1840	unpack	3
1841	deployment	2
1842	manage	1
1843	unmanage	1
1844	unknown	1
1845	flow	1
789	switch	1
1846	csrf	1
1847	nonce	2
1848	tidy	2
1849	adaptee	1
1850	with	1
332	defaults	1
464	previous	4
1851	rx	7
1852	tx	5
1853	oo	3
1854	listening	1
1855	puts	2
1856	gets	2
1947	logs	1
1857	scoped	1
1022	kill	1
638	ok	1
1120	subject	1
1858	todir	1
738	two	1
1859	orignal	1
1860	deprecated	1
1861	xerces	1
277	buffered	2
1862	queued	1
1863	lockfile	1
1864	defname	1
1865	semaphore	1
1866	concurrency	1
1867	fairness	1
591	block	1
1868	interruptible	1
1869	permit	1
1870	results	1
167	shared	1
1871	selectors	1
1872	seconds	1
21	finished	1
1873	getnameinfo	1
1874	getip	1
1875	getservbyname	1
1138	throw	2
135	prototype	1
1876	derived	1
1877	removed	1
1878	environments	1
1879	receiver	1
1880	recover	1
1881	shm	1
1882	baseaddr	1
1883	streams	1
807	as	2
1884	wsdl	1
1885	hand	1
1886	rotatable	1
1887	condition	1
412	rotate	1
1948	mutable	1
1888	require	1
1134	filesystem	1
990	original	1
902	renew	1
1890	resolved	1
180	uninstall	1
1891	connected	2
1892	attempt	1
1893	ant	1
976	wrapped	1
1894	really	1
1895	notif	1
1896	parsing	1
1897	reclaim	1
1898	unreg	1
1899	reg	1
1900	interest	1
1901	opaque	1
1184	parallel	1
1902	lazy	1
1903	filename	1
704	seq	1
225	top	1
163	perform	1
1949	sockaddr	1
1904	compilation	3
1905	contents	1
1906	generator	1
1907	closeable	1
1908	performance	1
446	calculate	1
1101	partial	1
90	o	1
1909	sysloginit	1
1910	syslog	1
1911	throughput	1
1912	mb	1
1913	mail	1
1914	optimize	1
1915	stratum	1
1916	mktemp	1
698	seek	1
1917	putc	1
1918	ungetc	1
1919	writeb	1
1920	writev	1
1921	readb	1
1922	getc	1
1923	perms	1
1924	attrs	1
1925	mtime	1
1926	flags	1
1927	trunc	1
1928	pipe	1
633	stat	1
1929	unpop	1
1930	unpush	1
253	move	1
1931	replaced	1
20	construct	1
305	matcher	1
1932	different	1
1933	tokenize	1
1934	dissect	1
1935	netware	1
1936	dos	1
266	p	1
1937	prestartmin	1
1938	core	1
1939	largest	1
1057	queue	1
1030	failonerror	1
1940	outputproperty	1
